{
  "Apparel": {
    "precision": 0.5555555555555556,
    "recall": 0.625,
    "f1-score": 0.5882352941176471,
    "support": 8.0
  },
  "Beauty": {
    "precision": 0.6666666666666666,
    "recall": 0.3333333333333333,
    "f1-score": 0.4444444444444444,
    "support": 6.0
  },
  "Bonus": {
    "precision": 1.0,
    "recall": 0.5,
    "f1-score": 0.6666666666666666,
    "support": 2.0
  },
  "Culture": {
    "precision": 1.0,
    "recall": 0.6,
    "f1-score": 0.75,
    "support": 5.0
  },
  "Dividend earned on Shares": {
    "precision": 0.5,
    "recall": 1.0,
    "f1-score": 0.6666666666666666,
    "support": 2.0
  },
  "Documents": {
    "precision": 0.0,
    "recall": 0.0,
    "f1-score": 0.0,
    "support": 1.0
  },
  "Education": {
    "precision": 0.16666666666666666,
    "recall": 0.75,
    "f1-score": 0.2727272727272727,
    "support": 4.0
  },
  "Equity Mutual Fund E": {
    "precision": 0.0,
    "recall": 0.0,
    "f1-score": 0.0,
    "support": 1.0
  },
  "Equity Mutual Fund F": {
    "precision": 0.0,
    "recall": 0.0,
    "f1-score": 0.0,
    "support": 0.0
  },
  "Family": {
    "precision": 0.2,
    "recall": 0.5,
    "f1-score": 0.2857142857142857,
    "support": 4.0
  },
  "Festivals": {
    "precision": 0.42857142857142855,
    "recall": 0.75,
    "f1-score": 0.5454545454545454,
    "support": 4.0
  },
  "Food": {
    "precision": 0.916030534351145,
    "recall": 0.7361963190184049,
    "f1-score": 0.8163265306122449,
    "support": 163.0
  },
  "Gift": {
    "precision": 0.375,
    "recall": 0.75,
    "f1-score": 0.5,
    "support": 8.0
  },
  "Gpay Reward": {
    "precision": 0.0,
    "recall": 0.0,
    "f1-score": 0.0,
    "support": 0.0
  },
  "Grooming": {
    "precision": 0.2,
    "recall": 1.0,
    "f1-score": 0.3333333333333333,
    "support": 1.0
  },
  "Health": {
    "precision": 0.1724137931034483,
    "recall": 0.35714285714285715,
    "f1-score": 0.23255813953488372,
    "support": 14.0
  },
  "Household": {
    "precision": 0.53125,
    "recall": 0.4358974358974359,
    "f1-score": 0.4788732394366197,
    "support": 39.0
  },
  "Interest": {
    "precision": 1.0,
    "recall": 1.0,
    "f1-score": 1.0,
    "support": 2.0
  },
  "Investment": {
    "precision": 0.875,
    "recall": 1.0,
    "f1-score": 0.9333333333333333,
    "support": 14.0
  },
  "Maturity amount": {
    "precision": 0.0,
    "recall": 0.0,
    "f1-score": 0.0,
    "support": 1.0
  },
  "Money transfer": {
    "precision": 0.0,
    "recall": 0.0,
    "f1-score": 0.0,
    "support": 1.0
  },
  "Other": {
    "precision": 0.19047619047619047,
    "recall": 0.16666666666666666,
    "f1-score": 0.17777777777777778,
    "support": 24.0
  },
  "Petty cash": {
    "precision": 0.6666666666666666,
    "recall": 1.0,
    "f1-score": 0.8,
    "support": 2.0
  },
  "Public Provident Fund": {
    "precision": 0.0,
    "recall": 0.0,
    "f1-score": 0.0,
    "support": 0.0
  },
  "Salary": {
    "precision": 0.875,
    "recall": 1.0,
    "f1-score": 0.9333333333333333,
    "support": 7.0
  },
  "Saving Bank account 1": {
    "precision": 0.0,
    "recall": 0.0,
    "f1-score": 0.0,
    "support": 2.0
  },
  "Self-development": {
    "precision": 0.5,
    "recall": 1.0,
    "f1-score": 0.6666666666666666,
    "support": 1.0
  },
  "Tourism": {
    "precision": 0.0,
    "recall": 0.0,
    "f1-score": 0.0,
    "support": 3.0
  },
  "Transportation": {
    "precision": 0.851063829787234,
    "recall": 0.8,
    "f1-score": 0.8247422680412371,
    "support": 50.0
  },
  "maid": {
    "precision": 0.0,
    "recall": 0.0,
    "f1-score": 0.0,
    "support": 1.0
  },
  "subscription": {
    "precision": 0.6666666666666666,
    "recall": 0.625,
    "f1-score": 0.6451612903225806,
    "support": 16.0
  },
  "water (jar /tanker)": {
    "precision": 0.0,
    "recall": 0.0,
    "f1-score": 0.0,
    "support": 2.0
  },
  "accuracy": 0.6443298969072165,
  "macro avg": {
    "precision": 0.38553212495348965,
    "recall": 0.4665386441268343,
    "f1-score": 0.39256297150573555,
    "support": 388.0
  },
  "weighted avg": {
    "precision": 0.709460147136268,
    "recall": 0.6443298969072165,
    "f1-score": 0.6629491123635599,
    "support": 388.0
  }
}